0
1
1
3
14
80
468
2268
10224
313632
9849600
21954240
-8894136960
-105857556480
20609598562560
650835095904000
-80028503341516800
-5018759207362252800
503681435808239001600
56090762228110443724800
-4811020757268709294080000
-908292171090139134566400000
65746215251190992926679040000
20914921976331144964440268800000
-1203261587248283471795870269440000
-669639551105697810340548206592000000
26612253465056342589206400860160000000
29166523221564118260408060509995008000000
-523314680699093865174661098719969280000000
-1693701312381751159525802652030593138688000000
-14921473555872975990411733914963697139712000000
128761231702079510669135438159495349591067852800000
5337662824228971517375108425225778122349923532800000
-12607073039121121986382646721444954440491576433049600000
-1021053313819573640760588713641431623866260141165772800000
1566482726771650322070686327099010658557849233428316160000000
201347243658882094144164822172827984139551503938888925184000000
-243752949708750938758729682201395249527490646030661961383936000000
-45182974496411585082906226096601375515602128699625890295840768000000
46931564858641642955243787910527539002789157553944180937977757696000000
11872370052813325449884885300902912407952219041082996644827784806400000000
-11059174767626403282211232686526539849439503857331373729871353169838080000000
-3684193227902930707840885341492223475177023481748018418228414260109639680000000
3157792965252318457546506043491009590828491577450846439297181785917447208960000000
1351511774726892995975653985841071381929298486975256581718736816778920203386880000000
-1082582435086508171174938741445347264641962877653705887176814932906057985425408000000000
-584771658677855281676851315952991858815952544242530052604527500376174373084594176000000000
441845271814241468533225107249279918838510052450557950017441743460164758542324072448000000000
297315055696930268937560233816700184742779977129176648609753025959930145825197299597312000000000
-213002267438037169187670850275764856030804815168680830300871052650353205162997046772236288000000000
-176849281123892413644861648014098357278994018771292730546139477642159323278612602800203366400000000000
120390321000586232110093466600239736941686032535559724645571910964785784736865219054438396723200000000000
122499034647603357503078429133747910892189383784113490965685065481928692650752261478216194903244800000000000
-79223921116536476300462434861054856317598719487814194628018326823530107379451147165192384690939494400000000000
-98351465888857693340844643544689957434987225740445761358312228791087898168780252332285237801303565926400000000000
60294432902897495900902982957933790970004901181588559360579801136536892781322889069101835953402611236864000000000000
91109104700601513852853587775823028184409430090332411469420947835081881608396568482503958342890333651389644800000000000
-52728182959996499036556606363056885384815222415310990292054508214659719670707690313387062494985748912285102899200000000000
-96951272728780051170788830308904441740625842438309183430182735559531079166178311132843624183628748432726409451929600000000000
52647582568855159391705915153685374184379478170090915980742394513544697689507757806197756254476286663259645333943091200000000000
118007856216320681571426444402768258073308553940691104503524290127791542360605319782280796179228810447950221947762114560000000000000
-59631689784879061245209334745207072687294600641760647789001998440223538516180928998567277682608154734946284927309133643776000000000000
-163633053428103609422522290554804698650386376961146964126867115912378748772620421698762991453804016776986755540483204307746816000000000000
76102925959103741763263902076491040769127556029758468786104964566876263300485078396703502784456428232612378927320243275680448512000000000000
257486248518700537465406298191493795219060084485072236329042235190140716578840129677044233070912598201280077396083948611683856941056000000000000
-108625198900841510551191785246029643125760061891041675333228140487038219472922718449101006968661083553424482967499855048780653841612800000000000000
-458101561853121051843471400959692059255265722243812420970691111603989654935790622846918135547715649020347190964292872954118423952679239680000000000000
171910421271546238846661701773462960300666947021370894512473606159103030656287296642343818126142920404919105433726066598497753642946390917120000000000000
918279378139699617275300167991962013050090279069563052134339977998358332251207500760508919368470042310867105039184344947494874007351320127733760000000000000
-298351345315658890380185426055148232661320516323895439669824371562707188452006965610142106978525321102109536062998193530551406706114066330754744320000000000000
-2067040348278247868562568921046881430537202884129990719196505639110493855418505298394825629365357511842424527150666109098732430500184909640875638784000000000000000
558962834198552245027857937988182630664627687824822317369036581622871221716609860974322528052209977486364068887360282357742300231638681032041569452032000000000000000
5208480636697326331928907088618484877286429890840752076253988415575797839014791959585898487090164135514265565049300061292325545446640750169831370846633984000000000000000
-1101410357581618375049733143292584656739799604767865590681408568853507912751224669331175187772070138458550927643738808982506063223689248027915164173295681536000000000000000
-14647218620023953172711960570852952692066968546666873808178630054829808190558273439376866010777111112270687873856334282899198312879414044200978331606504920055808000000000000000
2163492547748996515528589939828168299147536183231821002018796368428731256740418768108974053274824339123680449894858398194129413151616718255103611092976029768089600000000000000000
45839347669931186193211257435693795710894260101092729348854988015566274041490409322195170944050080035251549261142039882247404434653640694708090830485697388641832140800000000000000000
-3612360799161979398583445391450229190634472931909886206431505920834467787859771361619560363992594108900479965925887693929363835248957125584772043930234105388518395084800000000000000000
-159212527144610776655104260679833895577957746658125976168650583047460322177901744431855135488879261755689306243397078610293499906287773385923222433105146389377317123548774400000000000000000
703513295203447995273400454949867015628810507487421235288024483417747358692883158677016439885462773179142195308086891692260119012322507625188575304134044011818689219893657600000000000000000
612129807689558964101376608500314939669757618359337933731270247201426714269548838131985716024161609499323156349822487311262060696690536189778376035226185611630748780933955977216000000000000000000
46398016685381391056994488816409529025275521335464010359000264609629550678839404352156864272588652616980069786368680169760643763928638813029883305604591991578011881634109242264780800000000000000000
-2598730978865039884921648446925550603126860746439157676769820100867610482773293991246025811025785099097381731478162519697392448681211189823720882675860933541295885705172599525178815283200000000000000000
-421511640186522309113970614465022254457596193195625490348192631984757068400417901438579434862367379213054978662237808197074791507562523058051745853805757341711400475356903488236304308633600000000000000000
12153558429786318679628989792017628215422496227890332101755835404571425042093459755873571147936069538807928705819136376386728488496182387145256879725533621351626264195958722691208425529094963200000000000000000
3100995357372302255292628099492206306638258092361336876637593043527603401650383591941223865195560295496743106463634348027026891443476855449972844565068788675335907087500938962179999791096791040000000000000000000
-62472446106139159091133349436864787240349658168046773102463592939228621907448935954559002650359838102945966669685390865152229205248152253055242722437230419280941786768797033476986862178329088229376000000000000000000
-22179827928881965352385802392777543119157993948411481915856423151621998349277651244807040690685953460029548804198158884090013901133068713544863392064523449254280343375665891370525890486386140198731776000000000000000000
352190805622218514509632051711317056886054735517477300050219559712711192498479797213438336659547443354121220167936414394435479600754221596776853671125767301094347608863115107710895120996631580646018383872000000000000000000
162797420243309059487145025608835676173360115622003666826281612101859793766754308940743369637175259415679853669357153752558009615883181515835638383752970399219482745337130643936769007732328682369408770768896000000000000000000
-2173070219864403036239038864056601096380428987945185899301314652405584895285883830807928496908105099394615729581399032571342199585708778420563064899996413662061811202304263945583903185113067857445632362938368000000000000000000000
-1254274395896992747981951978857730300527063529729346226300032579793034770901000745001422652269851033285298899937367675129535010870572464520008982650652155755860631818402379467184073676890345542055400458705520558080000000000000000000
14645876726408944282554385346260159052747001509605248635710939641938256131129332600478520315641161927956044188661544192439452061167188839740522480014451859851263993052375234931494797320149737245328557657443276863569920000000000000000000
10256680899266729182340472237790287790023083153642392123435283110514020483375295825531571845823829181806728006587633557404209369047401125971330013709118946383332162914131551774996735203882208299155166853800356613361500160000000000000000000
-107616292957593019174538962250093708400746192705032772085838793992599585196414172506868877579058674116697240918926947922787607966754957317335475545647677054776887131849134325273767913461325387030678718402035626853084031877120000000000000000000
-89543764699525371804197189034944372384021844379064719228761023960393780774158687952733267302456089964390874462679731172690521838428838332074164856631672682502974762567741408683325545861663372279648089795674870185366430679040000000000000000000000
860538531906527197116099207984927908051232374229815752806941184153844221337909947296725168035199905921624074507740084733087167985401592776922661478801303444604520812544320329858459888445604098395103589082605740951952786072797184000000000000000000000
837246337268111117189585278543881973933712520595346434546599668005631083437044121193678986013507186045036703402954005694230451864496015854267167132722386410989402575608589462049860767518108501510418571637665046348031405579101536256000000000000000000000
-7475363526575374972419944423237483543711856255456023428865568004551338916544602538010615331743021112024971675526258360491178173603369146853438204438523428529529277511129107648005100136630095367603573793953590768552825677367115899731968000000000000000000000
-8398025013139121662423442657158397357355163068383052228340344581664046503290955015590847699168399990699627388850323247853597714443992110927462569621325035655167586204474575983851361170452661787956294865446659384546656958980774254625161216000000000000000000000
70426111835024108655886127981271522836579150622650831454594455139782345060660101294883433616923414184586038846626909008449111525124036119165176124567127123279040472521134218223369475773563613865718561730179442438006699388385041599379485491200000000000000000000000
90433455158841995054329354388825782057922642418824706429214509978619714857657045954668334871767130405797814986001964656386465986763607168766224241185177102764446004670126389634079287107210525216842227335169018938650687019880103233518034747392000000000000000000000000
-718409612924880982369909116769265510084311836834141236802519144189763951467529453287521070207762983431076605803143839471877654363916576025941582094371172753249070985285028822785450481723162987200624753380939879136201104894073962487706425452868403200000000000000000000000
-1045644398160513187783151249473981474361729595926613848128035741203335834996710832198199394291519257141826277623952664752376557464512291831931914207012162612095123144629880881952601890163457074833923199099256751506915763977580161578595485240067201433600000000000000000000000
7922669963330257255023180106428389375703124626312561237281903091404331190823630374591700173027652708023134188406537317953050864834201589604783773443914212075172211120971155044408040770174005575197414206705242698726149276603208141048683695007851198650777600000000000000000000000
12979467016431469340989386174218117411590283350973307984046294333988871051068539923628762892638646516879706035615168084933137662293093884456144464309159837413147385556498964585425444067361957564377713299335663305250519309705937799900139576446620623047753728000000000000000000000000
-94315018600303660617039405801342472656729350656851105317331196510332292780229224680817387023607538246471127516243847875334631636237502502459289746467565268000722942960841503524407625610998496111933328985794123744101634708660283055343457202608172113975847157760000000000000000000000000
-172884896467375245750515234403055639756292376780276776523672424018656327057593986442328846072570726092314126883612744239133291754769014921061804330502876363783642457791464922642361046078579239360046783320778860756781257395963986330180313870321238372091349591654400000000000000000000000000
1210242376651378124460736438519486476609708684796337608741260404879206729210429391336579762280922882401324479519879684934473622441340252361234486437543894301687565329316869131409497978439168699870863662170345764115317623226732952105044923761159109837841506673883086848000000000000000000000000
2469581459955404161303244170528654727201979090713415116058582885361704662549872658003647901836321391340795569055943929520272123100659644819888765770033223512965642403543989984539148928311629742735426400696358916360879051477270443100950369215347270066430724788742447431680000000000000000000000000
-16716318253860612904612953641513522812012113269207230830592305215758404926926628940987786897048755829366643592737973688187351459735912252088004536153740603877601821048704172763498269598458815251832727369913078797084687679032095698901657747835823119423951185887087387444510720000000000000000000000000
-37804817536484847111658407086387485624735928783545406280373920940663872450547888866994091771416075755381081424998213429723045944839503038540767849830819827381254010228764932384477074706751796387099637079119032498198565446005119917921385794228244836314951673718548031485918576640000000000000000000000000
248199700696256523839077789072083672210688068847717560748258920988159222751538518595615090632005397949259996659475714782566180822530264334294933903226510589857237952800029977049632230137889791291704022125962646859855874864250531099725532705716441595531838417258567682636786790563840000000000000000000000000
619709710139616150211467787898252784556302342192093043362404578779787118243866043786319521664886739519852357537862252527951494236101821651854022111652163319760656802132259802705109866275279281672767831936989866532891893238892303286875757555505747866246282217665604831944128421198561280000000000000000000000000
-3956304231477335896141814852166858945969756439663966570232524279183277829013119210141366191820623380612738777819295849339973004267415347271720233675365199934482678161109495055996081121693447117247967439171255478618261453799595686672095974876266147001087946110659808840363170183123923107840000000000000000000000000
-10868916114960057956747592550236543300315976810663246517618093985825936098087656030111895104942016503657371427261233423154447470589629236577178382980315105621892351669357937310059682085116801329858780005272773177925562998463345886607505926868874009726595528609967157517084789317164015498035200000000000000000000000000
67617669300133070474764383785608192857421758715905928895071957977986148111903882127926758456800200627375510732421335883762656484565144862573057623666488357247331566035880312365945449055864495692947992087688236983804528667880114537044027630442787268618121252024229857604223084913485923692524339200000000000000000000000000
203782893972809752107811798527365803630265474372508711100343957227358548946600927582761519396083908791602692505783679624572628559460840901114913349795423016316841035958273182145459667596277555644485229074142689101134221662378193213884708892804555622844556166713927700238486413479535854450023543603200000000000000000000000000
-1237613173656325830434297246273762810522101343625660902581716158566301474165318066851001017991931336748306989699866985053520290776182948613795921078091646366148936158946385668038485919964020742326498975245789565102525805785365256955844605372169820124376035621859454106808145683832582363157959968135577600000000000000000000000000
-4080867505801821209089148215715075695692247308572932757303507266283354093711102825875952012319889670833645891484306604313629412487772528049973399279408243952922505276178049679887820937456821347985182014975599935554222167020653417334170192634920577707527695051332332590812231045904391342219702189911179264000000000000000000000000000
24229970310932211583482644249846568040839823118857154606495119496463075288917591198473965309556088453284449710319447731371180486160342516173976710823740382805688288506409976958312145453099720096735301220420334151897452249952593930466248419596217173270101252630093779479779026021027030727960735574036953694208000000000000000000000000000
87208191839726386189361330895182024622155002251305346058955986904398951878828020898855992356113013579149383546437393994172808091433160016038161096854895771741149549778054103402901085030907671998200256701734742687973275838029793976217328612894486070795151733716020832993128336056004923343231487126287554061533184000000000000000000000000000
-506837938290567563147205418870829961550933181723093295452047863207681970625507896726297271791029735702462797871959299901533725701154678533828104074070275670114403349044300919869407127666866979734695094487874900545157444453561878412891282417311798880447033258361552854967199505517679832238997058914777107357425991680000000000000000000000000000
-1987004205834331446639963288237283462395808003136988021878092159304353959597574279529903020550143314781157819920638036774766731667908517713726747771935675637969722829457390968599127759786476011656265353876997592330391732881643237592399552751780902247300707784547079704649681206328761894472105938051414341178453273870336000000000000000000000000000
11314981712314573668431310297486544825339654142616659715532282150701907763018638547462317702775327045390183648818055848745196052186508152927615722667741585445936970093131781665352497321080069281187846101625329034609482657017212625768566973144069365804494482746292725649401975841242272016944467209485710355244331245970128896000000000000000000000000000
48227619475875508713666944669279863893647471837792539944407422289492226329403611784010641449846732904411919276544314605988168066318938882480823495186448137462012985713731201788402835662584503154147972554425157803727575183505401406753146678956947459922846929936964689461400352031864197072346983328118918998434053672325349376000000000000000000000000000000
-269303338113332321695636140501601580311592555131919344776541054835363139188358269097453957545054331971741370680620064412458438792046416648053694131001225573504180577362041819528278082453873028991666486347542365718213850313962110202542423290774737990783580173481834554381510596389551895915924503814294009596061191200108022071296000000000000000000000000000000
-1245864789701969827222846768543654716183957002562522805100780623479334014021211399559124309178709436643209226354161035620259467830670222063525526222701327972723582055255794680090456530023443816163568516717162896970031339541088115961443917122369098837311308264204378004068142342717042603246274537673559475940493423034621625267912704000000000000000000000000000000
6826231946731280766243014721330247436878568350995442268302131238933132527692504528563244038175569548972330877086208053320300740746993560522929838890868941722249003009720116737697017690971589474453734668486681055728121628812791557648383322838735624953989838250988152851326292507147553055382688774239725636868864789544274528993068187648000000000000000000000000000000
34225625887895473124922386757264062863041568676257657142037472769469233609365068565913153989872479326465576295637070998620658904578536976305645985224815371239156765453324077408597079017648415332920933654142894095286772808569554596596022379816804877738301905258234268467157423608116811608487914052020154931489504893052380892456943959932928000000000000000000000000000000
-184091184673680150840393954145640168871773053640593164570020890074986875851116038714058922265727597950227288643518860775410666606183549105485696243169880570338686416696243086445652852612177168292782921480993510170580530026057261949293456598711940256084221341909387978035059322021073606076644321770525974468619275339347982071329814281296281600000000000000000000000000000000
-999011079245450363575067278597629763871358099811038445110645821331391149128076212114274474119948432917313911863365759733639046494970373499638898447828961404774699026434419051875978542204054604522596318250433713725937549444304704016633522228967456343055232633535622905405802895180614839713320038520908652099940761149099698652194263412338012979200000000000000000000000000000000
5276805324731531923658204215068503426564050365433290278685328000231992623380651427637528710340260777064446070987886066486931006068797528281427745472479601096810580590090545557691153611550896174500315530580669747846371157104230637499100023772670180570600805297051764914204732112304057321328017587563853592271473933014287359196785631013084310305505280000000000000000000000000000000
30957572424795946417351527934364696292047451412634660735603462107012070631988194240782156501366401780684968487578020144374022257251793814388817991890536294320164937505726565199198557214005363330003810726288306932016023155325518385460925496468902340339192443111450591253757836840016251778538531882615490172561268689869744215948839459300226973010608783360000000000000000000000000000000
-160612878242509640295402173891739968910775737913905189761672946639317769706246823268947764566601185567498467529239084304348612429618869174173849977468961931001452075501535222525535771106837667856928903602105425841999525968365619192173829850074999911558425568273595558608381777948529709981753852831946372377751730351031224772432617759165412003032515865477120000000000000000000000000000000
-1017623426506231290480394960735084276708746832068332169818420355989558065517956628844976596279641560558393215018663697478908570845436791187090009695984034743721468790083278505368223933040101055662100681584159636215134558562544613529532945865713375102829978981955950450537686385778652783779630333032581652597629519533448086967768235939469904444496564155160985600000000000000000000000000000000
5186291583974344706225934112076887917589086412516546447661280640245431203851152465194153274285560489321403653984048730416538186994500660065354210030715991972264375283472578966108791683991720095129146002827889506239352566972062783156255113829855878621185319027965800964710101898921560273503388139496858004634372582083388022482211205504075550775129068303534155366400000000000000000000000000000000
35455509552970372910614550526384609432532241426765513835031264758893631497974467264434892846466367528298361399103985715569044628185901428192556048059097450021188775740126374129703143609395057128413891394810368687818399866904619431651623688269196409645796305578927548735749237640049215253987670157489340366518570271880980958208865025384864567047150229497019028943667200000000000000000000000000000000
-177503611039566677765619211486779705333937136475471865407386797659101744732060424136050630820809556054983935358750556577655079246888334200407085213567008238327570088987123710132879300524155114161785179318708677063407195948053122678998332164273595313442367635263809419896460621638215431260617742904566111609240130919212210053077390096550736759303568022983433272656763289600000000000000000000000000000000
-1308328197726838503056366282294063860143482052179705589890649678482491961973965721194226688959946146778367837588104715895461500632821080502655047816430260396498562681653979551854968812280280726822774591807270015024372754640288913317230689054743811050076568719356904839558516687940510888282592715147586422800038388033981416097446672936689327769699008450980940408133949325312000000000000000000000000000000000
6433500658562851226764143075607182141341143834473579041185557103379296961672357961294876420020507848489525782008832492355420558172633230853718400194439906618704913075784593232132760121634707351781832426148464750960584176483357793091138756907682170464647259493089382355070802574278726378582594837282435508149322566869156740434657159874610988677842515056814886976515748906663936000000000000000000000000000000000
51092017099555431095095527016381383491498344318763417709169737503921546994739430348382895163747148964004493471609772418158271364395401174096039897705803087128971590693439981204535442171307617530219803247146953923368706211434778075061783660043549835469182640790552992011156036415214555372668783617225467476351220204288914661073232271190709472308538250366825610673960153281065910272000000000000000000000000000000000
-246719110790860697466692167781083414790431121204944582872244460929997347238681486135756129354970808737767411536995573568317892869011140305478374954173801334047116444943594043069391815008966561498177875735125325513113401303007097402494629323361304102426846205593607651971601228372005665433555280565389038960136946574589291813726065678276222920602903868959943801949438165821060422828032000000000000000000000000000000000
-2109924765707234365283625335542709135408174274067501555076255231935413358268302564249669585765418635728144409039235122783362408427274274615330816995972751090297417640706447702860527673545269218189376604454175090294301748316481365810344217745815569735418106746208376184375008864140920398428180703375739159817749319346524934204041081527905298929697924923064473692264320494730936961862729728000000000000000000000000000000000
10002476175576671664940651112063724590449207332168749370361302978082222870197112118193479732738669318470335184047197051809403057480369000658959779602532937116018598030805570610785837687100105213843120574482459857859605672157365928865938202664459242971785275208936268904049639955551318426727777419087129410037251046806973893770940524973963830540657612590415116263252508189964476892040317108224000000000000000000000000000000000
92074587452295398156032869645223025682446713043089477762443232700085952317417784127589651760009099021977214276911982474721823796566571338777518439056166016142513142959765374277770650161527806252865517284293587767267421117465059741301472565779014395497274001465963249764909953879693881163974858777897306856785902193313476602079444305976562023284992585389689673254943215587625513338412655003566080000000000000000000000000000000000
-428354775256633955437497392501734113975731468814583464204806663399834455875143722592047065636067604186228063347471632649379032842805442510306170886029040274918288038951884192616972134345184167875578586768989246531505117436475119759229525345269265381590120604457325795681941069831329422976201087247253158810410798806652746623739816316528277465665466875145567941371330905338087963144053222689755627520000000000000000000000000000000000
-4242871228710006952731701696668550663429803018227223280736580996423169189165278855338445433766200767170595402990552114906808123261315212259853013273861994872545569421048920582159168015383355397646372658377240860433469995509517416023239418581980920415898650243937486108570148632884728609312246868053010860498307661326359774825834849239638720244903268721968995481719849685714195821816504046056851080478720000000000000000000000000000000000
19361570929401089333306923938456261305716383244223649670252050601499960867317658357952908666667079743686253471859253045874524527295897998633935733432626334614016880625445739317656658549293551913226144676780575726105892635851507740137365883357923499310514807708937914424573099954067418464974388977983253429863962773741008067830578099705110686899610807003615629766806828371993772080362337291943005894968606720000000000000000000000000000000000
206311053314518682994363676265833084100960110292761064790754706191260095201563390132674506333453232551270628544469351263093654573846958061906972754901129878594953818245483109788441414865543736531191529382476473773044641047813707342106438176671868430295337867876859466817516524175270488496785106456932444058755751077418092506630193285498861802717460213343710298416716332990923406850754970116170624654469150801920000000000000000000000000000000000
-922943046772136856587953177191375996000435456128518530609809220390471003829058950143998076018327249927102559895041937018812214190867499589871122601235501257777003650164738548809298158692386137152650972656942493120637529766617527460165564438014286682318793900973032631655227377245230413680015497122308940894493472784583873875548329284901139975520617277193743655663174797636139972163587290828590393136228230758400000000000000000000000000000000000000
-10578640743433302824868205864490659871298316981738561256697661002672722441354028363356691317424408763227541146417182902740319125425532464419456041492009997672070404733889369306398245948704816352542611106820022807063351939504618203040260528752714958339125999468769478449788804498894399517852474090743591689894922507255987152654080009771562581860430931272553947587595408446808620705133933612694255479265611183023980544000000000000000000000000000000000000
46362761296804970370484105655099870431058834361619997778110814334016339940688288886268303537946296700185870634230015491339439584559851443442444081484278574306646578353032167405454774225245862013124195061133835311454516462149820067905575773383000849237665612629766939092066401833184500210918930786693340548124071514830199655068350071890230773099516799593653795973108200455381943513422819693709987217129019578898026856448000000000000000000000000000000000000
571598155264885517842976406287273774759746529255921860061405306498473060337019001102893056201402026858031555771972161890898292489009306213941043220101431644412563666878281739588931608532141899876917020660869779148374357949651954411453165642812254933483694436026038672690883242758815953923762454255596091708928777258418761768608970138009882416749428944872810480641872811612434956360300609049977091702631013654871232412123136000000000000000000000000000000000000
-2452405094903002378596644874646834828646557485322969681462714344646907198134803825760336791460998909175019477670561773898974817517074983946038967564069190698618762982003022871631929151017125890368037207250952099972193445131403690439001194030404014457919900118689738548350406547473184011242725418934396941212232485674007392013009476605661168218781568741530471472626641713599971237693134739208687282797093727008262705373826252800000000000000000000000000000000000000
-32525258221865767409061460985186449860066980374145559025646131329150472970984203050283760925759228270790042668301687174877662133645669234618640097425190052926574625621872167931538930624053265791357139099550407975903432946307521563625088440258679978063647127175655252895819984982083684001940052750743017577758926368419670829541548167026774456971582704079810676845192683290545817355255800702598882523318374137038100869475945230106624000000000000000000000000000000000000
136495125104275828820463024305770142875703120998181069374546087037848503480660406103788022363440373751645967421643463314634144248695606853362845046611472006409567450091479368547921090920257802379118773113742337478264384651445991598682710271290387309232852482711093796075902501145233126492206056632947407748556302520765566402394141844637072967014057262194190981056307697118251163339367488705532746370396054759665654363835600799312484761600000000000000000000000000000000000
1947787093874330860451038121193458787599825958575426729400743792346675359737315330973154975152914715777149078751599663799299324496881402841285872778545058767118333039022619752855707440401210479084686007489904066192397767411683364514501614092704751713691504421720944152793896125605059358453586633946229199005781385121302073275126346615670714585672778263593230817212377482782239945518916983041831840947224489882437799503950160837479918836121600000000000000000000000000000000000
-7987703570089453437548956475387406505591920432274541703015942965613818875974469755497808448037610982208581291249327956702603449444806022276794963607402018898991481490525756240656433003734187486662447291374737245661457704508919259688144719569548263880364806605008197536320069308609973518721063500068585331157687887557999212290083498148383317998463229331720366814468361272154391392138304138327344138366088030500003942788345184362774729841652531200000000000000000000000000000000000
-122682063080292985976513302488342964379891829498395495743802073598784783997394280853442137493720738350570625704797805785853803664275889664200842761836664830630926826093710974100362502223979651120863827623000027767234241593672548788619921761464054671167401873816101186966522807672175876899552490067842533983978583210696414963468618172134162539420079936933488853585207486282893979671140963784381362478551183455480039104628107403463141162196110252441600000000000000000000000000000000000
491120512783022912348388572902533167639620238112512133697007171653565074653095151203935137325483568146528297818630474790664060092559015944337726539830563006349791516974507586671652531529822927643709970146704675335206186137972333725055000434331503945973709154250043066760629074850519132633555109390749742021683647917990603751641516151823079027088899740110072195527709411207404337924783600824882467379800482597098070066419302131193936662144771392798720000000000000000000000000000000000000
8122199711860912031560139844175631950496301742224067125215347483989693443724957777479572322941144872096669110008837773466212540159960479364594682630505001497763419575826117465475618271249439845350843854266023120466095377019869865492700524840015236090449988592870598126260348226906350967959600083684425057414164810095122776638401337210439688532586844153845518564907142305659169626507547061000928502729552075567161362234532580527160543873938327207776616448000000000000000000000000000000000000
-31702959957532361679828197668535279338663032556474242052631913991353279647699498411325333968907666555909431398998359408892104365912751980241690681018715797926398062179150352796607672750789054742970637219165518056338029846670591472262647314589200858110696293751108413006034096889487887517673251274942791525368356871108393002457577887655545279177239798042419464507599357913591044754140860285262278156856906457777885493942223432343545165105078336789878818209792000000000000000000000000000000000000
-564884091820196643441868100830959062712310192096971522278626851283811689938939755462748940495526330372369608026807383076903726021781038383712796315540794872936904127710489616313160273305229861616358854181189812218256084870038836141494411689848343250174998165682188980892588655537565402563488263001002064999162530591939364592782443736738115443722794044201677083598411186541411971850906489286470003306176121142442665714442290370791617066205219271086489733689245696000000000000000000000000000000000000
2147055704049917634845407565979318230794763952371194206843362801075727528342921259544780217366850037142772494703490737683652395378323452434525317660115613941987774761086159225367666673001659362903521309433297238414365550522624645241731896610476248743499317881717094362082894585217786615887137645889201221418648244380836955894826892868502266706981610322012968644721106751958448608828969634532099150832623523153512037317351051076819324503710578068349253715576448090112000000000000000000000000000000000000
41246201998897808930755479283227234763176094036366903044899061865032525833874412544671729495986737457054187432912255814904887452503280719417802989961987421332630019192271524287581773318150762424420190139871776310631449673569942575322448462978904649939581780437789822341859918508853538746352293788465823016734229707357380232640930956064103417727321136608407271486314265603995237987913356808153870288978063488279241691383036188957776638037434768822152395593138295327948800000000000000000000000000000000000000
-152442333898443985460729548687831939809715383190129274974884263899127666417442900457653624117915555806722368679971416236809947903143063102949602680681995356102733607353985091145142112360860117079155120225247121242323614465212478715181122694452129693882795200137859935188121630535470275214074297811708509536476592871476293201378573963172179373241148708589805533122290955303977560100894989074600006679113615950507828881527025907295218717030267765321508784413728252144396533760000000000000000000000000000000000000
-3160086636961172481908866715035507939904342680826872592791035018374445829571181595905923886722752829454502096557357541511880910121094064600053963904879009845684768166772697792989792161719574901903588665018036163555870475234410188705240024664695919589792186227881784695276595863209851632301776085893416193057647373334798755958875705133933546644710373461361017264950506372638698837974535765637509530941285999594568894217918507429067712428267547465662282600249960850733044554792960000000000000000000000000000000000000
11338962802003554288496271576135936457478137584001840775603697756621608819829776942964890914519462877812658259981972156632725059166791914540975510977314640064564327568795590304274563725192287124244950983812592164690302884345638460356498094043645029969260632463206742737513613475925413509842245080851544213576514074804196687217700469200980359697295038974924049911420645801305426039712372278975578417504591344179102835264670139508979442588822135785194807338615249778703455118027653120000000000000000000000000000000000000
253899205812304073052429415362487922344054417338163647535919121975829312283395974119218981441746309760590110734057921599387617623019326432778105335295625739337998979898796093301952882833224692796084720283382318666046175208080573799641563742926773328449647223501631886091249982222079583347187035546281331487037961502128689980397147898408898368742905553200089293531189870717413271995833569175537640057731866238710536317644627083895688051433902928709787544085649965317475600942222393999360000000000000000000000000000000000000
-882940641314058581294558773271264188580773637613153126339369400737446508851770935355043343055948064233091364818201671811144716120866414405940160589446428390020104189689062684796256357737865007911093442261604649357586173245946057251071090228135417097970294113088268644862155890918722407303031429326086658521739214528791272000854317812315506480346042602340229453242555636432817925804873321502097613963145862893736902397970241690917536467949757264302763578078101627841610710404592069246976000000000000000000000000000000000000000
-21381257814338339026555223213442858839104804901136208372646066166999651457684128341508055279705944799376637148499977707373460130058234409600998579069751842668965000876839373883786738448650283820650700952581837321772291361900570533539663675422785388987087537308836376532760394717238996569592238346921195161689798056149264306698120712157181781878601017293858807013916508282565121280178292680091684140603080252251375399085721115377365449008732458655618561387320510895412586940445197944867520512000000000000000000000000000000000000000
71921995698617642199874926910994648641578210401090491447319923344345784237391431353388536255318075621046446071355228427288063969711415297777519929532658251163491274212308857819828227014480790666506950707998302459156234771591690837698692144327109496359009644544748601878272197703463486171792629040497563204625481244133887179717151640720502877103277156381912940706277746809009186478120522187838446711361328286570886376136208644683856458516354204950356730187626256585109689008869430579269589794816000000000000000000000000000000000000000
1886175473774247317676713595457525811585480499633851099595501666833568236485884022169443008023916494516144653688241970047083581273382355069473186672949643363523433560835251447747924509418494978441140145008886057654225394805365749827647111429245445308325277585524582284313461367991090930703954628575345917031013547216632454379872893303390385334486268618093148159009817279085294396039182969144883175096425847982573948405602153629456939526158180147088962337632933556227507755303961537216890147442786304000000000000000000000000000000000000000
-6124071584991733302119036566045564058534595083795302278812754539724142459388346093714944341323382759696026991543351074356963001069285815072512300549927187980544818057776346209945299739308907278768029730088891543051110440274449989693226964794018257222588129454172162145005050081130971218332033975886607623408043283228302204848797955580799019998948071660673574684616600299229144230159468261759500251985056668767100320537652348245018263723682375149547815526095020637292665075731505482487559791776299483136000000000000000000000000000000000000000
-174212879376353475705296353513989056414875654283361451866905031311206078071098521868283816454468576960156727965438281641567017541388262034303580521370780410717464980776138270344784218206138231153316237291056434576127355606212741087362683606432055202428768968598896938566599640752428502131240872190835164651727061773570126590956355081590981380106211628781467341689103668826111637161552351972661059471036016612096148204634841338292836506822849449926981875304424723716083811211601091495296217499979198811340800000000000000000000000000000000000000000
544672660268509997535937476975956221079747479860546480843756381281476265966880805992984682931684527938683837032496318785346107934828700265065551752225750181787292855839541965446283187421249193892427702398237488271359787169858742605228142677754588626492909970755714175293116181377401070869893890637936613580254853039667688499734211916156444494322457759014989896911613942235891876055532354527713147842215146664275519141472403790876142639397210970157809619371836536906488294269644120422585374461288382344881766400000000000000000000000000000000000000000
16838561865802118673797467332072552689319540207687674553628233427562563357368170106053018450823121876806355332119730167386370065889036605802294368031618917034382604224752045812454941062425691443698125742340455263710246686689502590669567985541496306786959125989353934798954333749159374822620333357723862784449823362729129388301857045055006819556566520943366025479407608029880281755572944184636605074008271936675643553538400863818498205484468904133326438214986348857316759119129784597753198863683121646497613584793600000000000000000000000000000000000000000
-50559801603937020804303020732753115004912150397968111339171632734710081620287963757990983047993229659837688356811143717772961509839615161482561094629312855802332982632285178149005497225865370714620649761343830395724077929109845391371902827485829596387784251632081149020212870835325062852926796907228144711699339718942249040941682987601499000326820930155669620161583112497390710950193016421633541903620842519584540785290193378686981511545024783502527838616061479762713072445367818306243061971005008353423231711759564800000000000000000000000000000000000000000
-1702308554297278299345587631915561929727399177578626929801174933198483888597764411518097210287531027011858354317533555561840630548856681505878843880301346027264259080293473173161587081064089650042592785283961767910439970844264083754928382321478681613555713756533485486011768998595420839096242625965557980732301834318543400721010471177986909899277750284809457072945955111840011660014283225816914752865552721129588222425806325955542530343272740056224174074675589879177424331095915672314472812388956816898870722079220354252800000000000000000000000000000000000000000
4894323372086677269434153770364914315000077852184910534147092057248806338193578610748227823747243502924227608908113309028171188781750697208261397650545580793516440509717116523489569828985407834012893278070529563959677661672309050541971593328107160865853945786001982198290318537091704560844077361279549230910539582740423810215202914919963624678470243139241419258262111524382224285783544728558676787938015160386749886234525816382040786626783442481915068929786540562052327493957162391125897555660112865055809665676241123934208000000000000000000000000000000000000000000
179914710590952055715558741881980524839063210131455610147873273869619085447952021904014055623398667033179421253302019483940593475296836457759072819005986881718020275706506622716007987554962548755236931662231212624447611885891641850208901464445658679008319661830230773970177085906986184740086868796364336569625782527989070290624574502271576148865373507194401576826335126368794879314886901663029199945203865181521888941088017345494076750127390907639211042252119163677566429671298298981180923866038112782649337584136744301900700057600000000000000000000000000000000000000000
-493652083205221148484830311665929884264720046017630356510348389886533395820902904044429408106153308289067350305669414645434851932945062028968205449916811242550186708842736925180612155556167323932488303034409279376228855662432862474673023509265046589040624993659669134769285222801204616122499663777824415054468400336942507334224960534292522753661793726528522681259813247159409543306117074476404467056245858385596832809893691808953614500237116357421020431501666164753470963177350162620166290556556063522170231489406169940284575999590400000000000000000000000000000000000000000
-19869237170497329921402226942641120266150560566642141780328980431141975586974460280852859754903514850886218118040998393432595398288326782476604659385720775854135208440657485436522013135210687030967933717105930457925291860445244232935160036100870514319019102807539336906017259238706856021456248700588798112651218376796608583200392147579690544644694167309456398344497710317398466928884495914984556078372874324099067210990313892197783498142423009591178255173968320065978746690649150861558982814808450328091126446712545302716822926293938995200000000000000000000000000000000000000000
51830789234563006002241465586376911420590727689627678066559537066547473778372007530675746032270024925106943732550711622604946261794700362570025916283455702266731810742979048217891221711012837984201634758750903494297184602687254890282192458608644818257019063563732909881813165631768725385964506407151023797990611965582956384844680074113667472507843289105412196908177221468937893143535975451560386791842032694997842146231448103344549284773335890378862629810635461197252385745374904724858465799614137438869694121283925853474551667161158805094400000000000000000000000000000000000000000
2291802480482898417473423891066124380247932509416876957854056872364911894211324221339396905715557710728950721610818281641418875730139447675921237097578679201714887714145002674227100258012815844970645360736738889235807440647398016648968793963124476497103220569944457494369869794465595917464945205878603695218843110264733333359486173954406855102055007159458403583121330207896232829763152791627420749866349586630772948192219720880436215095939262615623916656464041172313718600206908519126270503047216768606168004252396848551967292963131504480747520000000000000000000000000000000000000000000
-5659214613472000355941668155926315796597819708042635071412335699497176488201371390861875497963602966424850146611443398037615141988388368961685909885860644097723060641315124161439285298788629631372567188884694522525750821467209030648288802480472330622312134340992814404073733678212304012419999000516434196300608089970261717949493218304058241457328638451771998243867108555699348251681536008040503364824763896364472256803709194721861823912835424390278331471124198591424256335848058996664110341166469920568567831617448751719106052342321219672695898112000000000000000000000000000000000000000000
-275965123067226406389473908176282679130536440465156398921592511823967645388344793911078757437797607165287306602911024206947175702514918244284367287241796109924674009066472898887941126689841806423749245361257495917944038526841118297475392088019270966500500673207139976559986790744989212063591401185165718050187371147137969598501251049182583037455866906764172323029251978690661669363243126264325384669648798327671193742101795761891926591603811291411567485163399733641521224428936759922854599456890128386675951874520973362936430401915607595780092924526592000000000000000000000000000000000000000000
641863572242762906686233251750512844485009304078309097510350837059772831410139095427824794103699418752587804445532143933190041064483604835740575801875113504410143517692032787711421820030577735469101320171543859286844467983065180577751094552579804174538977608451753503670498293536740959235560720611313091386188309142784775653824372633004763349912024861238142826335988150860794102657185166416907444270597565942857606656242022293761770582676028223673633851539873827599989778009943627967105796158297290947436262354711633456932855090243290975498764734424940544000000000000000000000000000000000000000000
34674951987451592509120926663978087427025091815482639371414471425836342440156020690592604846241686017399945266592242862378261488312743247687482845755729498542448832925173077979529755817247844635650511980915238300597453592275795946472872849298413777360893220623113442390873146284521678179642597381161972354079152457922626307072669755759631840434729845163578666622196767310185212042278663772977693157247233369512436813446641912541195393778710788881710007167337719894239797002696011617590189813195640980012235200978723810489202810470726953125428825361437134159872000000000000000000000000000000000000000000
-75526918791741192810062218850186656944437726487203732538885602452143933847233172818396551103218830184177509934147505668239908628155528653598637032874348494091363741928042461786052985839561864723781514945788015860524840819688767170842528164153729585346896686210353001512307912167661145424966830824286762737881371724286359178991773793569410327122811310560357775049105423921584713790903207234157453094135755376121116668230251505974880676702822541086947961956960475864657269848245527732758470240125002803654320958268155849587615192102017861495497471919396182661529600000000000000000000000000000000000000000000
-4544329315528799394971853895148017238087409088620226005004542203057227576669729358750158875058659656119275289332995755275664109634950526353211733796069422631041626422318979423449826679709977563995026459178258231091759226723896482843940372932127571272084165173743897183731842510656130678872213568076706529699586107124533492691077662055262604679176601383001283707760089393042387956439914883916451117934423108592803395062048383392567993070034797027961089914671558494124586581722994383797158768233038960973613803145699141996913715041589729986421851349888906743009939292160000000000000000000000000000000000000000000
9206654739896249130798908626283990089169430446287347841565999552079860279191205092702470316677504500999562950964290210804231149815825983510624424766941530338673742106712371032130585183970504591380392127896017651896269911826766732835624385423864957405940102226847292626386394568271138418206701820245562687723406087380117610146518989900135667371555104917825003229215241347112084370343282155262200855761951953199396481464194328314983941771003412468657311750895306662392398055645024937693201003011817533065361122942439924970582249230499904437660274032964854471678057974333440000000000000000000000000000000000000000000
620908261370288812457069149432315871371283796919148811063085280632284617381982371042344644530779252976190932045170274505960947029839937533741757037765893618689329060142852888312932595490119420119664080589043294420937764414599777332964675051832985274856504288410151586166967355372548079441183841708969537474836667747984988893379628749222799381647001062762387705912041489671077699838228335133582916676637162756625107548485689171838933381927621263619233734612563083427617376569765050680108096518762754509300997514737393909621674853332810469512038255127016681641464107610794885120000000000000000000000000000000000000000000
-1160624693280039308235814564305164526695530843061527224809008561296253012265944867488335955174882677094220707433507688116607747620551332145672567574184857633300067525210061390476974551235266530890027289647240065318371964409350003970206773533606046740479865242708463600315664897818614440423849195274569347123706307023895151016743121087316138843750018333672638806705634833697604907437059179015986532660431995994484614451002041603207217108533228049569070901094910494083885877064471259638587881119781538172770248842509710227481911309288080187841468883884430483427013220611573772451840000000000000000000000000000000000000000000
-88410530849663707375639893476052980009251235408362978513277730382539812198997960847952142120843780415395946529458458612348414853640467477533728727406600488086977090242853684214685971313642335198509837678034996714499530783751107468091770207499491888856723803488321643038795942925382835731730078009593392309835549366186475901793751917742933736803775957750725575133666399256382198781422306788031126549876940894258022083621127716843152289101653984285719783788940136013069037485894849354566795880765932452873530608841208610149685143650302752644903560316400202639652977536971084543295488000000000000000000000000000000000000000000000
150990223371156679615618232158162290037094562590853022119110553756778117021364883362705613036319982610165086927463698039292613896076165682272157324201651383344281254016896736105742963801580196801457139030898656777751846575520801628272152373115878355922457140939387079612321300976531213205874610498867054144801078464982931051221766917335846477767934847974181936938922640929485329847927395916324622716078242479944357423042431572112474058081490809301360019755379263317106123305123380100607594997062744849979920197857575339252852643607693146515353235866122325075138252877194733458150129664000000000000000000000000000000000000000000000
13113490914296897748317531341495580330957332286629422186902581429147083452712366995038616075593252819325326757650507417356607663061654165150493983613920130442165907927659629102987360986590512876425740378365824350781547749347078174668559892441720450402101616210443393642593260684369658993283996028738719790429896162302999739781312401308330068863862944908691981993040714172937098235945114168799493866971735668930091900491775152547491306666665234501287035233020343497176189391683335396996551163584698712003981510801543798266828954774866476211289213524582702314763476807547444786995205901385728000000000000000000000000000000000000000000000
-20216060904339828791388518334599378028806918750356726782162218723423226241911421420566804628079844970289757562648639422169612657966833419626140322813396531936820047064681650993162680343756264782437751638302606717878358597191296744392692007808329915273115509665569528273831424680239347440044686465802516344308535306496797225217002862470397337899930636704271235851367568048540924700113385314549367546849395898184986879517189054268723654126338457704664376429438159568157360436641592234338190749658652362364639234680649772078713045174990410122521833370263278950260107397237047744081610885784666112000000000000000000000000000000000000000000000
-2025315961935701125992206664421117589953479214300259334483892126443587780354809128204949194393754724591234003915145252585744090572720267950471120659660655223537505280359194335400646031106728769458584263216261512867656788234224057127743040159507714124452511529440806922782968683413054707100976925248275790814865010689064726361438209217785031966718201471444831541313458391807275173656535967881066593841616281454758207576912632176619272652525739782550714235376829713896922498662549783820342998736356555168635813253891522271011929552036995849244729482736010243088952156324145757145790484318692285874176000000000000000000000000000000000000000000000
2775676410316321619413558257739111243119411520756377946507706054143178596207909963428088904839455506055050787148949252212417596391372408940712870379859289553997382519736147207763523282831410626535895761102175392064949266139824786842711752408996627546082039998091321474544273710269452219313439479457894131134836336825012848022093018574309802495895337720719288405111460252017095198172378273800053181495660898713815278009403399474770946234166883234939411530854111592945586024621131356842038469052283981761057450883938610411487825331891535646041512097516012875294755538498930055484510997942033219531571200000000000000000000000000000000000000000000000
325576626641911648606704200638102146228464672290640555610445388674422033324812990197898294306335565099163887137781811433825616896941583500417876645470384312981763130347504085833369783788914930301738583082748729836516728154230332186038262735639615185154594314975445125959472906819314107371473343702747000343534702969166518491361156224106488527950648035427206333140935870536443799476295951348431309500597677940716168493268756902130077341729452883082144907800187494755916120026651225394382621493423575475292913528124176867920782295105871857181057425678741426804142524517861915555203249302875309688659483033600000000000000000000000000000000000000000000000
-388839233090510753606000414766583603589814078405274571237167096392917894025430697109582292544475336216323189614678462652056365870794424437576441254328164822121963931490688999475513298492789365438282086360692085945633928411150637238092368868000576540334597687982658820149700130453785439716772611588697118338699462866710767759650514966955836220104523384901305513018987782068036458045363534163976316699416211795303443783562027323952987034737069300423143873492031073826453688923278432383248455011258272638275275343028253918398863278741215142245576010157431450166553157339322357226278527235543099183874392562073600000000000000000000000000000000000000000000000
-54453874880026326562351679963413947949694323604183449955676685691501915522277481189566285426475694992101373940442875426321507849705717452819675744043544316956907689350079540101704959696504849040904508610285225956340457965947183381043240874557658402501844409006300777852085609517325447977144607620492564020256906154925398318146909153359514155690011081176428855114112828840705186031731167815973040748756824140623079424442835713647565813229016250359292412895131833391349279292336961803712436545286071865062591221001704901086409592229825823836946983229877287538840045100173608301555962275166170188839399276879334604800000000000000000000000000000000000000000000000
55159370873737541537804043357487208064339253201545222948592491385608038281212825914192885111652466285739341341352029733744053155608245726326515330863534612220660536722827378474171335763485546702161180359871393003260880654027106587183285615556413705057245987957228494310652704129489615919346625007042478433690726055118700268072315820098501349538224982823839507686162073193511839435321399398174092720842596574932887110875276846999142212067009822949740321772993966166509695912391653101429556748541553049683596200122744679836044005238655260028428816921913176869142715620001527391824744007534057143357454878641463964467200000000000000000000000000000000000000000000000
9472223084884572196360795538501577896522915135864343028716890523620340751094146663198152799540032645617357426129854921532139986506014883547314899241998887275907015872045201836697478146002803911158578923614352649152755125502595081789152859215587395225990235842641270233686552449063365091720573738152205006381417904400205976243258776943512416047375961260761865706706410217946806676531917891299157547817220347387271859510368335587578315562649969946712772959640306893843899184497954940572596938342857021457916198738569972544536164301492241984619093173752386310673773159540459984001417311473758694644923424733808698706624512000000000000000000000000000000000000000000000000
-7826950455518451259339838157416740289315763343441142409264144784882651957646380088280861796834132690076522506337905654515984335379523862301031232619018789151783432229682341563320493746671461467070469154346326328338892789089148755470258122460804422198354901833173182795009097275130700727746250809989039699122060950410359775055926406886177493494804509312286247557187022272260443628361374934887440668277589997825032781312312950344303282926885329001529459423920649926899779069132099340436877810404244426986627962350571525161563152250843129781450677485754545173917677800661195681840943750196085022006449203066273688533405689446400000000000000000000000000000000000000000000000
-1713003267809932595977262116202058873212770602148429143550925218542476403061917977518624069590957586541221661037893163024897617022414165484172943715632127460566155461794320910044101240819814629821299720594598105933654412336086751675936483803723662176487216601303483799543126940323505457554321474012413237655862227794323361591030342251378990214146449448237634298905762975958676498020310955164344327929099668656317463504736345220465840814607833577209423786169298375009199514499588383674601311923294161057297969848592992128594102531266901068850629201645191016678410358469086608063871237769301240974701976282316379817423371306952294400000000000000000000000000000000000000000000000
1086444322016413634174708376653559467825759462506269949037248700097219301954728058030330917696076200797768518269870087111746956376949098920590197425591436344136357297894941543285770437075758319046464103924766541330927150081635290093258672924241973190717407814414980163626014723548534464572165137716266535857155142563218303239844607407654977174607310762177206487773194691696033372512912364009896406386174351942288542747914143665195897998299789576413783597444520990894947279278796406072111234987936576166014555966035010869798313860209007052081421377833637113532304937998670217350170419760410197292944697288064280670326356885497498828800000000000000000000000000000000000000000000000
321948402867525776526403212200463916999604296745861233659349765456508203424369859098097892116351260333907303395005593109400157755306872552032211568438535414335407808066767166855072187229147831393729756942705671420687695707558214815277001365924378007541821197608017781096642985755042688890205936454433281400745145379203213835317726765086474704738227722465170577079839315628567592950531279579800186160499847898772067780090916713302208288700040880621132209079919002101713270360879136312420950656480324598610834171078928868368632690909857263505716671500179867773191934800690297645184821680417791425475905335074754200744152136934030305551974400000000000000000000000000000000000000000000000
-140567363729401552810964713253922361268811542908642804618735628205222966534021591917730578917113387319163673720859071837899219571990114991901189567181162919688573015102278802004347849925297428398864984193477195399713946533811794451731230429860320012944656293990488173389518527753432988922095294269951202594337932165444043390983219189508215891336055756798178455739253066518743323821352760976391288286305422451074639722149433807976238840258807835843587965077943042574303155230994239829714093654178706184426228684502477026775370876413035750685623044704347869827125126844336232985408557640189708258004780365312882174726585661597017884348907520000000000000000000000000000000000000000000000000
-62860499613655785661508888943378589736716850134796779304786928911059687328723539130843124258377073273902270514617484364636536007586252309211394956614061493967402252054629198388200231866006917917299519631891233398858701642241293184645206824368477287012399929234929534615892476494685669958030082016614395318107672145083920575692782566044708857645199375165546776252142006981967466673554412155668280933588310337274992648523481567277235960044918824899812150573293618274812274915497262184438885841592276140569248678992436528052395468970904648977764067967371616440875615384362416651178089590802309795917098479292813280496357301616549332439163880865792000000000000000000000000000000000000000000000000
14666725350356165849992783455875352934010566704266090502106107135805767452111763341859798415628099610245093089393043069552665741713911003263997286962875529141173012882555400325797318286398903774327362174517964930003276462179764568284503417468728741502146527568394177120341411411957471183273369797650750417903984508746455169640221277094511973137506450885265659084095672769437807768818948977537907618035084015216434194349819212385311565236935605833282257679418383742643550403245426490280073202537999244389529197937547479238555978775447961573478617592438470546362656184649306331248269933149196625374211425362726082846280806682642289239788936293777408000000000000000000000000000000000000000000000000
12746103096810307969155722379649671645700910203324008315224054055366271118008502294502189425919795057362693411874092166141684445497061508361487911819147767021439027522988889360402321416513516656700371240907645386656026639447279965959674327809056531977371795690295688083273307466260423733405188132872555512461379507748931324115471825329932864576621312754105108205921337070441141434670870218863609186008209861985111498646714943628641229286587919350881804427455747828421957062346479499077042027483159052621542570283563822135047733393112178277777985120088116146376371260760014797717411097532313149802985893369097910315540813328338884094650507033271571841024000000000000000000000000000000000000000000000000
-308810650710593423646905014724890377792670832745473402061294523811498925592758124554459547889408126439504648920942692923844763306600109010091701706131437369439220411537871510151456871632023505226434715125526444751520986712766900104063070216789378720328170656385943663002151138874097166864849934150432882957203981432303326737049764245093713617820694114874598195967816829946337595502010020809321103766312379427977451263204083680679842077599884687922188027822672090877833703334895938099118517026206772896392306092581325423905639372718354393366229423308992950841848127840694015687022392910634610965296398371368740614798383218695212447987542428632506085408768000000000000000000000000000000000000000000000000
-2683072961643322407255105424789385432274644376465863785781860960644033403270173637855279751697722888419075711985880561758110763710531077002917042958440118605129778512177989897452624730375629156918062703300376605623734702574683153436251581456405122057864901482204006228107938884793387572140175807670533721079759766953172640524924483597572325559438466240179134559810418993325249072915801160307950500080732505863725767023631946871078580638721031799741553002798321536656568150826677633015291334381223421181146521487618487848589597764906683142945055107612317108594928152414681074605914846829520734106392902040448735972725542375539976777032115783722607278368489472000000000000000000000000000000000000000000000000000
-511919539715470186228412094489057186674987712611537146904611082629777752048717268594788954549558328158056159039054683345555678827869602949741616896604624664946880908211730421971147106710497653880811975263213843768551638464023390183056406350668012812599182983920852748474066010525427806174027325138903984181120759652733697566177199085118776401600572356090903608129777558237846177996159749907391539608602341789540151102620335150849873049051938412917310765938645392608369365258226281604870416982877536761494680702856304382901208210016828982117676755329997533874583809631415101465310652994992895282426846604521902758640413178166688576536444016439873806016338838159360000000000000000000000000000000000000000000000000
586128946967072018723871088824025292510725349967981531541268879522866527955396236869767907955287743626958496975513220802472695536628806218350983643209837904871691179099115716560789776155349261919438324786040940281435539238909835903576322287416843227752108303403079052962167750236667641312734499952349857314590818330662685406558675228085221476916300144563099260137542817768000452875503535174915810425719149575959431564325446090731973786965961761722919062806507300462153156503302032092015832628460255897572708620783502102645180423413628717025603514712881214880168475398316961889655927087168359491834301570406665812503682251565197711349282520480615140455351920982900080640000000000000000000000000000000000000000000000000
241414587057612607059223109130264380266859480748424381599258817696496427562798168990125553067781975485845673676018525027349924368536056187173667448388844425713885331882556356568558794429068390448290945570789708571751913464273998993200748758612652786304472973682910216933907686214455806393735438381337687457024866927846437987188682456416157900983328892064959696644223938813548272594074315350937583071401715250911335769423993410852488882380680018376624719825149895276786283639014351760265152205607544478801357589193924141045465035366389371297386537267585609196894175088418689938365087814081766476251023827491076832499978350624297063063968532773568028450523107040669959454720000000000000000000000000000000000000000000000000
-132834949057967581247684597324891462993038199602463544946441825246320010919812077275233909736838252339521263125039590696372081698925629268457605226469160174422100696066835453912144548159389528106589363899725817393510407682305623890525988083159533578621744694044955979891100792984229523045668022377448011472368911662409770870510275076543716816370101843175381950896892533709377523515041998689178236861380626430618900891819183739829923567483114148145550070881521110188166453756708748211588330993605274171801215828855794158470787418015709787724025383731660191365373765910642052633612362212190568739946159102862363058865374737274344848175415007355032932579999704952374502406267863040000000000000000000000000000000000000000000000000
-84902062726677186683664745378829435165261489329980179445942091600073337736520782938893607528138044038020454684499210245389175157507032981142678025233678526523655538619398796042570339041140160557872567179548291520896719023736323462747039959693707658714548950824886833324823676027626633471754854431760440719250383939165544013286660733522420685363707044370968907217237424737767450776689782710463738541128674470326957781384094281218281211053952930442703980534649157426759152861503967754669196491921276435894021744820291051111223966761306992238182485502632019717742114142362658759537301300440088526599912880232852675953604232380490001137334288197412624574531928333334554102873456640000000000000000000000000000000000000000000000000000
31220907014011984757371023597843899021572682085333171750413535141866020862160761804206726800655450242795531408513916902863220171352542726596779833289249793404468226881549525672843008482638400521105911773366354899097500222017790399464635743331394092966955877525361597437846841872558225502149183282512199839118798165971539977904026930034015760963827425902809827702185458998441577479803975734744660853529478716539441140064148545368331748486577847221246292093081461369714450735664005418517760645266060082108639146216588421524938237560811588047119059979742365371880580171335873052822287433241950697162187652206963202925508125669120925260986746162715459625537179972833948768312401485365248000000000000000000000000000000000000000000000000000
27248159704886379029143235679225952432492721411944344212813779138399462602443508171459278229892092188284153639952368006012160989702126054205088106275586743908907636020440852210478478008669410244823952216109394855820853430237637361386935734311734806217705973175324433150270834991551521903695061365311399639186497928680307915868056368483475421221740075130514563819361110303494848822233552011680637859540777480579255034884401713573215457441832019038710907749323492815349064503060627937552253648494962875264515495108589185213576572589650069856401636034203003095862372197613153596675704149861530372032735607970694009810746294747341002484311714171396741160952053337665235329378689219131604992000000000000000000000000000000000000000000000000000
-7607652936753350385650391818402437329841029601714106054858050909524876382598676716388751168937444052917514379210170315065439636148475405422281544108984899509786973579632920521274495612790449595272830913260539299117890713196841555401901256016052191781070073412016095971223409172583800811383307187756777876098339026435600433933239809131808915631010250754667545327941108938891316766505929879279905930680532059635992527350083913282880490972297350919245222634415870495589795204973929391809390009034168701142696555774150182879748843386509025718945077136278053533782288311256144431901866901075570704602107291147812450986418256785919469840679598148400927553071836739300408233244658157047821134462976000000000000000000000000000000000000000000000000000
-8465883345488665127718516217229714510276274659433873457064666902981167086238510022837377819539475810964013557960270510617150391009505339857712260674041784341440104088658257350670124793213268544375186370404181572100727935568424959252611390940836802156647919222461133992152214079523434894874446316487323375252500057306754179514746410651952972659350774498621593238742253834744760085789463830004969439560607118760581062519342507222632851938924235055098738501475108065878767161401664117191002332659657512794139994165784785821145676558273029672483797884567822349253811873519658998296564579555201683417333307092719891836100272233413389682711702559712852379544879676748048621653273796273530569922445312000000000000000000000000000000000000000000000000000
1921270000974356389759421430573381957550258054471346593935370574344605569995341057245931004009643605534404550316812406086658730175638145352096391906996038051839070971084291932467995094381460041203201422677706700930851602584416328673490746459283269109080821077103029635486147609731515667686243624109622753697838038409779147162334456790910872937297749951545511078983277025671037530623397322530224545718053734782803402608178551527260238520830270838690607103733133787716480998885091506563392522709319573434335761610845185696947531086704736866236484814203042158621234564294660449060791665356066394085301343513441442934654629683855310320465713669648368396053503288990089270094258471586191326953328764518400000000000000000000000000000000000000000000000000000
2611898245615405503169993820669963436270276200590511954470186148894155827459347041616333463185296323947442282419614511199978341966600354972759146970191198272805271719954065484722158769990153954825144450989166863816533486873957916710985452883504040136320242535930808511197129545358922839547461555473323769545399411308163195472454235477846227906034699990824584883677765104638001674271399920806919322597425573797715831404297234541461543197978929100803710980601932618156019112500095157964939225187947700728767705611642344014617346168713083081349992272433643161245398926115474203667032812843744019974271214835789893113550904035548482100666297710268367139833658320959835416346602158329126588877378523496448000000000000000000000000000000000000000000000000000000
-502714703771653679003169010542226639536394983178260454991413458624313338028482401340068868361405679456497720517883481146963426980451849400692944863594960476427256532198128611145144319648896410661970827004970374451791491758105011085699590526939579627516790017466486414531448692117527973053106559916303387764972239993441946313692522138793929818064775122654559769041608071398989259852802201394432572030136347541097514065442135541763469049319919253657017562356599884243951891596029798508640557759607963413263671004969420482771922643292840602056444869984688505643430282171179491680242576533262159590196086662601584328477641168198457511587035777547007042235559963463179358182946149141288704664113076781657253478400000000000000000000000000000000000000000000000000000
-810803841172080076689238582423818415285597267002839881633331861542296828726867100616376962756250760308519510720650379477857873109219866411324220195264675618315167365643608601179773940627889817657584140513566173348349148712214971045659120937309487987538635213852196109262097328248915134524270611449477348847842390928632789754160371386266291114535715176259548717354571633979480542896952117872134091399042614437215285115630855825952819822458733740708616608640002564519826439731840902827930945723374149107326892246196837421715387997249340449550831189427257104946665957788850737398714032516945190592342442880540801937870343903089659188044526354892616096548263638469379301040987416129670673151805741482577723863859200000000000000000000000000000000000000000000000000000
136243425299883143752405348130620425112966403994271928392140311196566690838731972247313149274243428287847670301555864415089833360322795897721415419186856655851956008803791454527733054309507439667994801388848468236836130111830710449413542397498100846098897762625796410788032642615054269832464466351020390108166029029607120219803848919879758824879028401485499163644364889773692271779454025645044779295122665483431343995525476027653511909032015044714294813254016247440300395787089597923179289512236078267641972051113715483224511129854283317049779763019543145182957303688965358913829186063426838500568766425286950547595553792471830606732291452189154258454054549871699516109692947223916776573294499228055302123428197171200000000000000000000000000000000000000000000000000000
255199060304976541482699399097069989832841162066604174769373424826746585581402736996736986671536841438403200162656139474977023635041695542854611014003855032314801285788227793061603223012428439294740360913203227521515152746918909604606099815866324958474027242622195267388834009375643088634932658279181364887030897426525503282180438889699065236856755195092001099469388764294378406374941569265922335230426075078993845460768082894685101433871455755766305935629866998307558985282109563998552275485083081823462827061744706358326912239865676758277567438408441752199417140932472536708581344509904890584070088175061593802383291935250162524337377879443019420658011107672572195392967470792601023955203385299350445477342033739776000000000000000000000000000000000000000000000000000000
-38232958277247021240529632186870290362236697496314548231027688348141054899693438418438159464328412285467626091634778497405178577624455703866838489068018457589155563233149544871848306165244508721161320887747437243245237347424196923370027138806254758413616164522096465980340423557962887876181512890342434978880810985334226175603899252014239508493009023312421984918835193978963632902872485731915551533865149426727769719525445211047654103422931889282700232713078917930906700346153461483373775688387871310944927042669790403485845940997330398755871032276200979105711103117435358120371512772414940250422320254068296915613045656883291123611595571638842329178615825884580338954805416746370045677839708813111308830261063174068371456000000000000000000000000000000000000000000000000000000
-81833339805216474187913504869068298976809052008891118716090121272435817251198895059908400586557457447915974296061577257443675749371166174555247401152988481517483614341512854726585071249752016687280403972838560658391641049462004473998422021402849037274190860801276808348006370149404417183451141050240655146347221467929684654821799754692516116617482540065255757552237947662874850875798440038137978988022248387936996079286240275590399460233000445729661061647105171848352979769600400515558439726144265220776182470103859060736755753609769209627962156903352948692849188046222964023418725161385057234504582706322285723543719562395247090926385510563934811016881140795362708485654330865575067813863755548199586399470746247453040705536000000000000000000000000000000000000000000000000000000
11106020812208720955514216007061180383337612081778349808129160494149337234481310515523818260417408178057718304685111224072005329150796652304425453647131779139171582051498562240303484273021717317401232484944788059534965876490001055759788247230111185615440567654890780720838237307082259494161809360267876346127611904018111182043228706470549739352162079384329668560662340585642156661576659570354479440757564347372677378010985214850729424099090386677169003925779190862339901648465667835180452875455101639027931153137853363986217020947163707600109542549562061025599089364224333468580531299213078408145047222156476061516337953540767173342443376748969692087440861110224605491819417176806524677770593986473446377198916203416970371602055168000000000000000000000000000000000000000000000000000000
26819091340292785550611793163863220724927454861481507902921055795745671002114909729469094598060018675681383481264425669195015758719617480497821148367915374026805336025144505186028191028113091430959837142511998881049117771671227316272674468071248038583353722400687529773816066204285169784898103563403726315847984820461888589083044208652622741968890433194885121486017142007086811397146810998273938066267050601422508069229419896519772485157834891052304997182465963867237928496074036067955941369179463661682692793384109588662294877727565746754670624473684098121191750691993602824954948285039563763060069365723384372579143618279774303994904431591317374225667008634017176171755943538423147555484192530985542592574279601509400082911850397696000000000000000000000000000000000000000000000000000000
-3338484230321403688110130894155397570868820022519232789828994590728563862311685389624544688800382627608374177543051145959164718540518610170414430801479664303368810270313337396727750526981808857978813328838320016046424848111989563120916271917833785789447784823397952882430458666494137005715298362542221898875102090060899931213279889913406935434748692441209896658316017090080056234550891605178463932000925637321781450302262447065752388025938839841380268924633237169580915500993770381308069314241315922167720949506754589173486543822187953846581824292519490251674324721753306131362531014889653076616895764866935964839135021351013042872602373614884764137888730259032677016736584103728508016731746444721115503783492700833541453165585854460067840000000000000000000000000000000000000000000000000000000
-9002455052928593103040210358588083656316454798368498114263773014495485864782327083642835171278988223689680624930845815045293763680376052953899835239207483569551933682799479794452014512187722910481869732031218840427896346423835937018825254234719405663473104145420033722395489781845802438930621715034316907036057821332546155338373045688139260357385701366306281954689343132625912116653780376325641986163172295790831233600958834287065160374109058702601358167760008060787684604651113295919688571953826558111477396488732025233828036576341165691360194753352886701376612542168347006092305763573121819919136386737922593962084840415902068449234791794721945764692751590620772286732495677987213800149960053576885888970753529858587580420153544440922767360000000000000000000000000000000000000000000000000000000
1038208571382798324668957184650106794374714377484228111700374790033519786384848674547592753715647471177203290975687472597911847754483117276396581640019200059570141379173226609840267173794753424476361312574777277600621451571660686770975470116739857127085125853748052330548866352185431695067599111436299653991115523008644118107568691168444772507085026992517396346361333824034378528362905608708492534280321499340929194550763848399770702994552200390867979683339575487858698138521177952583584104926032303859386620602817758846191871502633112567437616343467431456956131251203001105449559806351228558557401876810407432083751057212259467451548159572033965209998847791696019577256421538078858451427046291001376370085633718800020878066476680226558550894182400000000000000000000000000000000000000000000000000000000
3099854163873575591424237737969053662614717226679445681771110915707300942035730325222050263121322202493802897703691080518787824501676494034821528565054278318038212080024937648138967069781198078276488307745649531156277986967563473307730653767635790548707497019381887532764063179101304034940285046158758769787557242466016742095123703222221093444700725043131322716700359690519076869126528032915886279585811533524435332440863541875735708415502210980808267848815463761116303350302462823524838120575959810905787836268352627990922370673185751762350580214993001389769350836685588011715580160497243301890414277641771590797980573601238789143979090278469283022906728310993444439882519238808626172652751615687713441409797305090403937627986942190338626371369041920000000000000000000000000000000000000000000000000000000
-333918573016964746194904812709465751640790415980414882425374469239505514140354786663072091918454284419825368484341112704407607206395670238481932620691408956706600668975563411538347628174492168447501195479685193002137749248174974649435360748812426690439677678787637902807288079670343547375760316993547108221042587114322512490920744576032020366156101554507161899823768063856992230085295655387781077376569650706814084452730346601315106961581705003344943277766484220567162360632804593486731072048738964467873097145348784303770375224477815396284549282979321634045510310510965805776208764679463323727827436581536949652442649999191028389201094778892994745103062131446706496252688705303247081949373522893318831437869596772223085925891001878287256432038844248883200000000000000000000000000000000000000000000000000000000
-1096115795954688789930390886109622837867616953006065065833426726550146949418251434193714652694816675833278608335123034592355032384972190483755162181059099689064253656877644538207565907304258119646705854493165804592548675914773611271298830941270972850979120859374209854381123025541742696207939645037756234034611834436169099288782806444379249926142922939391005185822283334733994485968807117375136584056555752501884699660400384816303303231380082119533953105876806690865493599644330158319579788362137213684188778885418819072959487396120933279389634813819284728603139407814150679914236286821239836415468089410898895755494456199965690719073771858683157930660623252554693141698532387503419549262501874648101306982977204130263420300564928980344685757932715597260390400000000000000000000000000000000000000000000000000000000
111044104710404522194374314252258711947479147959141838655930221293713176332664266768326688303182194062867807284996299194405766346017761860661804810579027451637570867331493657494817819674241077300062909872629764374284430576854542218716551626813423790400082574528064070425912214038031159931663968501864318848906499419906821781574643520420367737318388980557124454796684560633039257070794630332335297763199862168800681811743167151128675987686652156671562293913403297076773587351249149329355898386143917368566983293588851309454543619025112256183111719149243401476128548408945178574731546372691359752811623392269782737760209340229868965302294631814080114690813606272582354364986330932141263541427710477959520071144212380159053747615431460613302088906067827019493670912000000000000000000000000000000000000000000000000000000000
398333020963605898749312345683968292496161037389981006224223104599797807874093066029039129508492337037276591689482134477488283527443089757565107073079728519830992322287316182293346421393213014620154054926522247401197774781317791834964711982928145777108853466664714575523662918301764941833738772310046159380935627751496792737845385882945849261997868209282440347286546799811073805292749401710383189382479351402665663634931889413921504655283394833503649672625183656341349888679843213296516455415889033430615565544310281415473285077216103496620273326109516442031975881512860033896576714567468846121489774244039204025195097882714174340869636044470012976200895041044507882218952819439571678036702216208494898221615326868509602381081262355522780048050205398427794799591424000000000000000000000000000000000000000000000000000000000
-38170659688919125755052711363326829756497555168878930472473324762584918585563797396784411992262607777765042095840568911170703183103105615166921102101352179543313000177332837621646001068420273981385707421887029390698741402505504826558228953858363939251872390418114841331025195588045521750543913910556497191063378991042765853219159998994852217652608148075411632186545688383112363655709681329196336294919441916818741615475576386158077251676966403535567646200663192925854742900796547680308141428638485601283708683020511184912510130538654418006468116682435636744155714950469394904623023690277770509846354976449490018881648885614314928042780081280360217351862132486248365984656739564350455404987117819174087631308293981218566380022591572109925153379795639655581720565634197094400000000000000000000000000000000000000000000000000000000
-148852549238119150224983644224905641673633736011995398909606276189259900201999148805265754875717215217326127104791888501288795288856132460669656608000378512271477617915218124646206921179587841957479009460028831538304860784810021865060138741673590335128206142381314338383394103242562677737504422099306045955986978502370566599824655395559661185004130130334993734188595880319802447144591156661609575011427696582890974713631176675511233747889185758630876446607226488817845374425008069908786093262835627777541584835012403368063190215889508295158186266886361703747440831603506107773410486507119040296363238568027763255976153611859368103619425441763073937469595507744136512209055980783136721121712489055397055485945915109818022812588944086708221414780206179497864303958057576667545600000000000000000000000000000000000000000000000000000000
13558924681680622339110251633451571645948298948979153731073522307040145461540365745111524046446430896685054122042168431440065634356401722622900005330716729429978523485178269986061247921244536358760282405474066264457986977041625854375017684202400397904496932787137097466312533023604062807641187338736788546086331655665181372351674718220586520508335292875971044786226554909989321477656028349919533420800785896519100739802430077352424989262406155651503914898008749496157184766592779228084384315959817053999116777351681654429743108086066771187148323547389843608142958425313590215668837440050422102513289029827937935951416674035642725253004397083198910772091150570767975920996577202811658686302989673487255373458203401959744203474267804234334328670302484242484776806909532714949410816000000000000000000000000000000000000000000000000000000000
57221912891100949953469878479463601983099854264786107644614938859113237637805773819435225737387416582729587620428232502004178978707327310867018233768661180877489555880499512437608349912219791515125770682355846202709950995835846675745750359853840346494474371377712041004968866404547936358915704418692096234822210556049600200301231336564336317941094738098135057638121841061125368671628487058787091141849775939757657557771205987182954367957961596325680652586397460094271414383545322923723136834480177041605389626084413602502240305456707463438174695888070765047284603524251960511081896128954529624034485722189997666089771955531966246349033759148237218675658483371629261164059994005665540865560928051993605909087807301032313103494964319164852437047255161932446134793812710747616311246848000000000000000000000000000000000000000000000000000000000
-4975839214846263187734138482379910258162515655554860785379092137713486225847618964402519454546717847338955151588479942992104207669289585787712315364391611853999342573753280630770096268809280805714475840029929131655089940857631836291703864909840923067674115220890637645118378578069675590072959436200913135858342547193734052181151370116700932034230458845265038422137994414838180806568387715223862355453895134430567748641386653304157348412235502715633641485508215216616994796350537833047684993752068504840350600886827976865910551578809310301978694888158920048257308215690870989259254191124091457687899093651158170671236330407431286915629402881986358183800547580667729300723265053385446688280291677634675035345593300631889777214627321531692790368353517392768275689413302797280100962313175040000000000000000000000000000000000000000000000000000000000
-22635425661638888243405605495648779715368854064128396097683693025322433767906295667613630567354898948005384939667808109863980636880504355238434306767372135151481464653284086570196118009772117537537023170735850653392077051694362214690730550139359530185736712711921804408258862747736199826340814660617538252073483981120041275586438484679823327653788747961806075409332840963248478414780300504659792322425222143578036749828936293678976835214643569043475377279379273872434641274791008189831774453310535355508868220441519203295448116309808523027253512041972269464287590814085254742635451923826005059164686590107567679842432862650737941874733111897713891030537241516874073032891874873469327693135995036942383210852256129310274971694820919544284471380520143871520558431734307221085460532374685089792000000000000000000000000000000000000000000000000000000000
1885987732017712534376401158304945260139484646429676906349613861984264121045770954910206541096258219469283360005756946150504551343304740339156362028517307379187197939132721471525575464728484052670030116021315710698189065783880235975418743287537542904802994417116378098899095829386799310079893273937966555897737953527215569509904012894909193068174864116544697328955942051538451448638155444093273557425090555914718275357238242790157756572599704063662777938018201665558842389355995869682342817900849992269316939356149522353253078878595238838511882752001505421958128966239239101717414869260015552194185228569401324363898319533740059378438429761257203351857887619131603449750192750307156143873426033810607407850721599384133848860533821227627607731224640426400678020734639640433743211327060526216773632000000000000000000000000000000000000000000000000000000000
9215515486373824352892026382392482983374794224668991404230387729230831949775852594561173663840674045036688242518842325434012665614045664336334113593215550250143294344530117667596217041053234640238668924828143114275730134682800533607118097696045730723945279148731888424349657951875370253409372764453779238885363125184605259339482855025227412120737531927423409473698314781674633809634441079879826758537772906510406444170863127057250412833193275557798248317717567383676204863332465903093599121513453163309068632626670236254794966473896992115843542218486856861661105234644017846452676218070232608223199167119580715684161920238368076367889332286386576437986420386164462718941958547466767447607886137349321988739597000835570533433684646430736169606387846529745625516958841055382916812073510891321032704000000000000000000000000000000000000000000000000000000000000
-738126079199291861856172076334312116259076400719189739152827316295042905331091895765441141512389226182794436416820052304324722613636582794980440449668143899894838618317600632917046291130108197243635180064953793318844858839251137717309140256924810618881716071355282600583802815429340410609881564957688660248774654483438272614746680520776094659928868353940405310559508901073563574380219221742771872195994920909801542472011946770115999102725005998731628433203117978778037374431067229218040075162381208909876629297956647410516992483338171439565106111904111444669762571591260432840963559447157273646430211442649294598254279635142430727471862645840907877808636498867607922651972413910246991182292412792961321312695165665855769447203553419357860061667739570272022261990606838765143712138127894776701448617984000000000000000000000000000000000000000000000000000000000000
-3861972183376521573135667316008365423892831156421537188248200388544138938099155700197102780229871240301790356842027018319228115184518407619219917045109977357187451543124786724813785347682396543721989105623165538018976748381617118192822404106643762468003217835347780193003244867894383311967803968054212933179106222536250026487954198330029258125262783409492567900228517385002217263063572951802794498602383448314635392666976002365403294216293873148859396506608371039266571218711565850856492094012661840154642541337901135335588408696322259246756579507233189317797056874319706879134279991648474090097138799905490390213515067711998173984068376589236132538771517313419938673267520186818858844256392824038498479519816023003248156711980820869461342095364679960633623740850839924875397643042644270097441018395754496000000000000000000000000000000000000000000000000000000000000
298215960148133810395680777117487981647145938544164707148583241491992880491626884096827744189583373450171701361434516572443742752027684556117504731238377966646001126689545863605232574281428833085942183090004158507911985647661072842658961108656772805829165570462156933525252154136215263754451703850296165240596092270548196227872121575073904290618427705541565538041085485696682924267997327875584232950119051151490372265977217873896377607151366594207471560817690545058671680358095931800261458252046978569157185062538595162466615548761294997509125731559817883359447721972031127629358141423279753983114640432540066179570236376969660060410661634328033620692403879021815598204749753190636325484860826267603105563244578866176720545171111219745704362314539112086195416455464173638611611409807563470574878680220415557632000000000000000000000000000000000000000000000000000000000000
1666046453324973737832471520398858686811403046144389982721783463516312336589383914711068273402032160990318511825530777058651843766583678853301958722583551867633888047507765108832668679602490907365823067506463376442043784264648310047364904184808982565433836192469144765044268786104034822199993913905437754726958695988309222910209777106570374322676261776931938144922756039536648606719610341087739554889345459270845626342228836327659565853740959962577695669078463738718602266143697856926717064653265654903518158382203820817228085548660654344704226372619977964224449472332524117303647770361354003494979626544161037513331840757942386940001693702279995470125058921275413163246072960129487855412068148750653274992957984160242342295914610900628771617394642870089946651857772234820886777362366485624790444574157916279406592000000000000000000000000000000000000000000000000000000000000
-124345783487262164474019122312406229856668390315676368157180601070464147039116431650160766451782923223985020393651698233837117312004770137946078090259418400312594941050497317686593273445322524024428804296915732414609657829621124988538525093649156101628988227727396493525957286587583328467077996847206346314865049205485649578820736937738228907960055939742545832532862354868467235231218094132246975942196237616878072721075745263500329710403539198300990718364237474897139345106040547170885954289645887966436379558629946462539752467510915105276992817958048889254105804917570209196590604495172653678040701353543176067193576713318762472796806527651805188348987491660537161039339769860286778545167283845631496462562865707786664529753575078986271052337951788142217278704475533275355480350236888146565855978506410617983519948800000000000000000000000000000000000000000000000000000000000000
-739885482499706476272995613871115731149918246829514574833696928630887894003114106141465264841313594434265461944055669564027070338560184879244622193921524540623199731800744991521922504505384497877964643857571673928930106683719619743716695894830333739598474194705993051182476693207505719296410226734099358638281615459247897858074815270686500416213486929470449083747749075547465730365441327573749703302607807859725500905732777611572556455318153613793078216308807166799528352496471251892139410314395933413201793313797221137809966583493062416087877787065300346249278460063798056445111207480528599031021722362503825956337356859582056745356795274037157891844704471262501624341161968113283772289744155497038454473861766588231780510572447426081912093644715345798792864918876914240166021173975752760805441048773102756565897959178240000000000000000000000000000000000000000000000000000000000000
53496327676806737731257250935072184404010769167515839495447513404980094686660779846279628090968960090858008562206355517225432769730595486073955277406443642553660549838301607482078317538023741493794087571247984859750133508797856766438804739978579521698426357976984931009607036951481289019286191212163576885570796238607768231074391435071654439487340470425635891008419614273439618474269461600278754869681309129312285266718422618380961024286907195554123657380736036300505296054557981912484531212166710557937306522697639974097269227804336083229626749476205467232279416381533802750260821218526198984149226795773630545848636423498106535929584490473224536538253574541268526910107115335898727160959112388031979329316509403901810977231360170340957208288739793662370102669846353731920453325339344758510186143044513765011808923178374266880000000000000000000000000000000000000000000000000000000000000
338249536010446349957761020077189906724490210574226275042872568205870382880384280364290047485761074105731959569837279394559345739552107113821202871519838830660542561980830697068344469398703572753586701317973741988320965655851707719949331523222168771019772613856257399459519223720418789311159980909967800927875483174008514518759265816775701983283974514793311141893660876667452461746971348237088299357569406812379347219568111502507735149209985858555601996627944147708772543578041593360895223557631927569437617823398919204651013629633947934220309424815329654060125021269257964713296519896961142926516011685868836174468092713249021202470192679682754853961788270562746806162764473604667203188229716325974549874594071888516390298266771938180894403326216736218783795057459298232882926962236410427728362155474210429877685678107131190968320000000000000000000000000000000000000000000000000000000000000
-23741279581841109108097237472347594466607704934822406071144449553540058132446593024534065438469325241155955114860817634917017876821851909512490893203275085179351775783200038835000739374826130465672049531195047231001161762192502914126751837552241883794281321639621900496461076612305870455480789989713477695354994894194180628688409574525226482283319353073578195096256887017516119474079011838615735429843304403832400783668338238981017339336988458188356768789046051015899587988447210758966518638310433887427749684865673916229449663911896405610749916210369056906108087037718975931157742796294893132933186354395713715927085825234843198992801105048876635771896944008343575430759084346186839337974755920020958422168233331351065995750713787133812956090657460365149635822004636899520647834180333036059475263010240640574941908128923338192600432640000000000000000000000000000000000000000000000000000000000000
-159180162718628736577515731433644764663142769011179346063113604561242787747625665238448084715789329352411617347876987981859217247923576923974972610227086689104485888328387019063398935079700806731601801027397967949891277235855811250934149446021831816543514999956548647415433641679889147983222629058512388217614759996413955759268860031582108169928824118038883426288274510175993221290316067217928223348138460471623847128641503750356755797827276915152920971017925011017440300809670610551720231869260744016135097736332730160460604506422934346390507952233940112626815268020725085926354607427186523215283699886733628558014696159263611551712886814259648557988342698382129557386590161956922185492925033344020476270250242848159979851459088670426306284936432136718440699465474665414434184309376313542111170223926826131122223151424306441150387349094400000000000000000000000000000000000000000000000000000000000000
10865948417744213617508783116565587466882175530611810986431527104078104674360582026321232395725322023544288079943552188284988623844200028773894404382797856278140246835366971821912181243175466426927466968358856184085379207731207138324502587990663315141647446579989286524464280467267721438542381922095599141698386367978173508628219620259018391252047075251540223599047755489290659802983240270502404624668730294117960648586778101347735448691981985651113903607757697905121376542877142040007289769850635213743092126048171787254804364206952211762411174472675930047607561221751412544892972382581845837942502075559554798806695400830587154940681429780279784590092174309695052174935168539241746719668459723392924703711953598138100150791323783824989105735460425854756400435452024919953962523655729882492530013829919048681736817652103655389802126842947174400000000000000000000000000000000000000000000000000000000000000
77106966842055810129475150854457292096944631670668691828831925376576425369390416546966815555918178617749115193437670271647663104593716477028477071696082111039303355597186968191498963045768599128123119385644243346323052764098933189960712716018090481113554645385135222948378711597229343973701033031663009513007065486786184323380429250947994523978928598937818295337952461521052429881976892880314393986401295912193245247848411169814160478911960833714287434935280810220296667559300071396878111464659503900961928123493818591313065586316013636911359945198307589589376989887418224696240792098121740548963198718338633966959322966251185715852532925734311974121446746135747363407582518965351216983158149831049860481836414995771153941203862361292923373792640096031536128465893563749642232654364115140708949350359401338762120685683075088410025788635486984601600000000000000000000000000000000000000000000000000000000000000
-5127577176566110627478918821881562503694276565321803260296235613414715616508394961858641485409507972330770948913940610387893871295767888365216075252432695737761863462903581940448974417810193314594971622724009874566220627143823858295778520871306364805621887448881907680780300284834291463472873789616734038197533029285375184568480407595171409461586359963589137509336262770049978996821402264787899477407018840130246474570680340259298909466377962081029561945040523562666489057788177055364912483706159134319313597025988236198202640361267138964737459159711060381952035388488898014348138891385442982811568172121474796420054158333570532000540500822119204815306066270009901828962075415314195092390876763759586367276494228040918033333604239389722416402714625677821433159853167932865926561903558406649964386137639182850477843249812461979461868995028547042017280000000000000000000000000000000000000000000000000000000000000000
-38442990749097082803952547854342301891445612651385485102313702770974874950041320689067797539613499636416359062981104304325080636942023743522695899896791761029227052221431444006490436114638899198910689558223878554551489361851591598408368765271207338227756621635092674075271470860212067968591350285373850899388002092483965487571025909904303419308261496953591732314964349184390594097389268002352860141330752735642798376968313872619199129608151000672520230730823177151757174294341406081331869850963269836131969986551156899689625574609709128416882933600344143863338560008385641298888215704789222195144403983485155099037126117456098323591568254733395997210745030977390711908587312955863772930702319661394268184740810518390347737695321482188836679434098237304080562749325078217126623644354650826130543711103232235929150753093492763728595139263808192269289049292800000000000000000000000000000000000000000000000000000000000000
2494233101501370930301799306558728539299626533656916364855887241069768792293308413195904634758495501239440399784226377645767279712782470140387831509865458001886864841913266856205097779069229593447322287494194498720244866141880972187973552798913814894065770700870610765290691675613266438249319562846493861142689022431844355180883966718781756928835819764367034271542101157742895321824619344289594331903133451161522076087112616937395406698497085232491414659142865644074059869191317088881739683261286830578964036186902324417657258105824212791081933592904307418044305042016374249774911544254002967754891894143007127111056738769928354233779094479265739827208065541197137200669932154739869210932843474015849244019238094709988405436920996784426968568334775847810879730180506027931503333504664339004373662105952854516562812512893163681134803470842254316509509781028864000000000000000000000000000000000000000000000000000000000000000
19725090860598828827119602183278429664357387956169876222171344036743456536864242375566021811062739187192956911215675585266641038740958408044126381307990842165273563495151928245988921033891351976647618299611573723793504654087690958884553923677566686329203983723252405982339131277978570185351420070560152266688358854674003646387120793992059262030198939983956105412124125458836094485945833250493225842989006484231578261342627047866421095957366584267476250166738562482334475187266606798643237440683404665391851526411569723617162406713203122352322034044364245798503978739712008754942260179893964198478982954432957636502281128519546942826175063523477410565490298699812392586417069779786399439614658697455040839715498623247726308970367964945293195608153803458864618998419484666706341858959557857063603586977141069822552413761924787545431894852850146510026028847707717632000000000000000000000000000000000000000000000000000000000000000
-1250382393294897687453045869630639298199056894379193996966704236163141126791021451235229835877608842270942046888815783751772578294346384571271580224825401210430825085678336881461888105184924606323168769555666981803220529424859547664115613137285755203797890140145752672884581418784321529434503088441533369031401983046997729985215469831686574919794924534275134946297325108009713945083790765555816080150568320977062186883687354074506250680446834020944320842225369263835140339498015635672269482514144517951325031044755238103755735277259714287744277838866324494449264533998736172224546976553570957793027225784986074644187561461988632610813787417424231376443878449631434997033638460304651345615921647277660394968824019719762895632168653827884642499958523356169549066019284797133044658290283893200857156318837632225979293887261080031757189090279542204962087725072892668411904000000000000000000000000000000000000000000000000000000000000000
-10414855807882598232648249539300842183350679421795015132496941509213875270132543603692563272160353172712026509258264384223569431735555190175166000121991866984754691981806684218271577756444847102693623165972635196369968894071611002821235269329395499109636737565140856727687572125137468681351197301227754405302545161051206371834131837591350069462374088672921239664942213638504948793053292964452159452370244687980087987262170824087695811394397317429985575161501263929513440283354620119077162813335533680313644223771926038783913291141880935986181067581681915272815336152578328267302817930782330081405846971421065004259683231182569197390030472207520873334182033611119947074656329146182514046014733558496259945504813071751553251674544271433947150823007523644283247113000800780267963168481003017213283586389372663855426467588685259443327291446259232279217407142135290704869457920000000000000000000000000000000000000000000000000000000000000000
645850224701233676620905206097738060690601714443629118175935769582748161580448173467570879637253225450315084617455751861071679203679181933402767551726209086388529803702086602070390344744701037856571458789157633282997838866095858564456929296950231726316660970697712591249858630478935922319938652854221049732568065654875447443519779995457339960796245720514935333371390039441717833452305276931052211528413366766377307257372502708786101399457469486350079843119988099803534314386359210220208241773287748351166510070077249012922926481272316261358600836056611142029218655059169271302581818301669894555164727508741902929462167579548657193462040292547878777748208532566509849511125714866956761090831819229153984122701054102610750952871132325787935466409270025039437832386915664497438517404174823681343970313661204972225843678246957907141704259735046816169988129552975696209026201157632000000000000000000000000000000000000000000000000000000000000000
5658087585190557458447823300210287303923209242138134997719427671073508506869728396526804915779406233185702343519669707993088483905178687569506565969759029333627717426560341022430629895308718050434305525271231660879294226307725128134297761144421140570499256542185975601328043666736457124896248909683093625973362562266516429560104629784451097638755579887682801386876720878866064586596765664397778009283436350650762828578591453553461873000052263251600494472723538587660141948661094632257977770665286618979951767238577129072683514482298211976388170884144215298099161721835903645023335461414448056064695512962618401807893916493978002812739160390564412425984875796978078694714144849530886024073735877062514855951862170839966215562011290772842002784984194011788102775392885122294398912349303036585369594880951345259307576608105099253127761781700906860150376503256471713569061723460075520000000000000000000000000000000000000000000000000000000000000000
-343643031196384484399631160114496546802861076206403879484069164329251944300218545667540456817124133404097349091235729909959724279960798922040236381423023769375251971387858686649450648814149925937688877513983599815487698998067387554844189441322182007760043885451873043346191714829915051741898371625380295125683807832053376030951644026353774223167431274114924761880004372611881702844471672667288291635234325486683525993403127214821974432388793150580073220467414588726178165433614490351759565356229547968197220162060497811651885406281116068652875485127259931240795759545493821004329655274942913737637402983661016798108003612696038930555684627365791533667413904801365810970270966577537596943933461215421766558010187178117821594715444807072150686113140784064504399127608267727538566110036025917168403634981466140475278622538655085814861080413534345960758567236021639838663366938253884129280000000000000000000000000000000000000000000000000000000000000000
-3162382596011405493727022519959737840654546762365271938505149247825402464609043796460965882735606464575770852777550210990136706265654918419068285446252940060986060684715828727233443845036051683774410412234634310360134834310889406301999879521963190219729447164235134746715458113234781448233193643315584958347912728347486294797234657099419164740864548384070004863898345303025936722954228686077368297804666741567569642640401399089762351620452816407362746818792355918017478954030305362799902369926452599121552335274150825176316119159046759776188244737682734081578926666328158729872810010325923696623036726282679135138917574653539600724693419463618030824771163103953900126927936883340563928695052287222304292867513237792125891650077568380112004318227543064008853796975186489083776719466818859237811852227306990312310175565005140922256402743255378782836114325229924938850626164432289638362644480000000000000000000000000000000000000000000000000000000000000000
188310716118898256734819802053571266968912301815750482761760534619682116018976508394063128565928901452540927723771042178947964319529012693232709362910767865724995616045921538512545212775125099141452867551865667024636812848792437631654044807133494422707431005000457588200596686551252514377483285997488281260744364039892039487725414796468707868757515634281945435389027279320848096048801838945417623823558414231094405511250639666826038033823224461705952486145910816103105867833640293307725077359637710789815347862388017981776264456659654916278907297398880855644818430537433417400401556464264957149283233182347458326136693121580619393835202018752036469586743854546080352892145366276497261565492409634558001722369680102486034006054464288495590065838807978752275249306158307052295260604388380160265987590711998327932004996464689777212271773099395938369335221496765918959211729620663159562698835886080000000000000000000000000000000000000000000000000000000000000000
1818154430778404471485690635662240649263590086254248469236341786445876555159492870137263307324125363724227526572842163903677122143638080662073964047809839734934055157855698249404996029598628534897736339285138285629555571089011159946544975853955932787222068489158146965562803821571547970055192916233606933453208586154558744276903582156325373648285109957094834018609872002888770990619247019456567180099041941811847234378144273779235931120962267536544447212300773471143235200453670999926865053742919305744368403729778908448016309626707089250604785921875339481726639951958833922071091635679618903343719493203225487866765121712067255608957098003868841826499975490155596755776541085062245122135996622185861434213428420626638383277367372295832815463576277698822216801749899835357113268707590865482278997257860707149841962884217617705374150790895496761841238636370516183306719474589798598715928013889863680000000000000000000000000000000000000000000000000000000000000000
-106252870671919336390574841429061364885591377876407963817456043844667429054003615457829951579876607629600037392389566808905430920406315981985867363791121031696985628296323124190229176725413270916563731742354506410636534362304261814199607613002666835833876533127130644754259907994086533241521669861715796653789877160146000662968895261236305581970484595938094322374358695209240997112628580600475627775063981986277725335991561033135431338065516779959009372566361784680618141019980208498384755479912818718960045149160117669917738049934072654891774056913454742636703749730495443283687102937011705587269214434940227961888184575640118115928633510645055853766272700631065888334328050414432453397365259156641693283022268354424571858967186625325348521097626422393084330845839915101551424243395032493039788929146369478215584475452090024011794703954219605923589296052646412643346048444779764604229430974097653760000000000000000000000000000000000000000000000000000000000000000000
-1075126665699097904428042398636441360690808180345018786380404303931583908434708731699902292434616793715621452187972819231691864147572956695754482510021470759737848805017637101209469297150095704204495149977244315796575125202570979465030988463220037917453098263608126977958070536294723138334428313193236230606006917933253384989734676376168399477184379656411587380492120796931469517721626124255722578081357322510842763042439169412482523482428060243552654824556890818062579048579887447601774451113316320042202546207793170328643184966559813880353045358114561801360425839190185693753858656617170346052681808186654948507870617418315112060274075618800087772462325418338479767076486286552025920404808796304733301469149379470403835689956457645505843473273213366111227334736758102729466295842735857468760539027184014355093604102207974368140967414130504684791355114556136669922467776462752967252244833776405504327680000000000000000000000000000000000000000000000000000000000000000000
61718046252575222088056133421523028806329883318329886471561488919760538302444486741303864477455431626016977400230804918947385874265499100426892398687302761308395930521771667222596624286402408469759489076381478228491523209541302872319472417330128165308686390367956381820426654990610189516957920813749527610118502315720870074295977427234354647461942532118514823421676817374332113432913378261578453486640770658880130928047255874871174164058847161126421983877646085563706611645258940668812131630779042167205887466219866961169236311436968249927085812723557200630253918379927950209531585702547688106090486339029512426457296140344999786351314245036703754590935071289980257632371942754002813355687606989503721152840708498034849691265066620479447765725698134731664341556939423498714233243690814062127954757860118205139336329658607970023957343999524541673332720503151470555008059180656060461302599867030718480025387008000000000000000000000000000000000000000000000000000000000000000000
653792560868004418363818074171305568937605706825636741972762230402285408872927105968031153548182806837033320102242173822536228060553435206834789063489467849260059791289486627258936850090570653385640327829329148855107753730273191579476263755238341116914552006722250418294986923515030104166576294321735612308530018932588506143286825621477920740818235062946873125440589681829300564336002169680152735593099194437398462088451548900745460372233293277305207702479595866702030836766477461499891358952475434751035585574133581502012561685003618422365545163992451116793814150620734013279248711714911269266136657751888837671317281219372521622122980591226295637887892428449664912434544836293522755046576504319678739575434259550799768142427846330375832378453528869070600995703421256790794609320146055875074580806801475982435824372350413402145191386332395280013885693110067722117954292435110804170813562744511089957536574472192000000000000000000000000000000000000000000000000000000000000000000
-36897636991299651286387660487113190504724254933734007725291195557908606525164355806801272996721890102695520798701531173255471941796698814198391422362117631226442359164386063897645774390413586743142696603939004954035721274887716966959389175572935592958052882271026324706755630759709214569025899627514145337565552649484044225477277616952251042093847410159558026680405628030523075295541744424358598494348781280582022490089181328567689149800171692975843465251467202829927968475194214686097255529069995406784759033000315928069146765344548225352748472542289095235415798688669456064959502537110845171009111862556842209163566093235655250285816505766190784637776957080379799476420901416036458710053117885991756542423630207213834927714742528213448242352096701160566788241528601617101793190360099402957315998432904586278013277591359877926955993104730313337211590991440116433900123324734182088665564548832761969929237467811020800000000000000000000000000000000000000000000000000000000000000000000
-408798421666603188472494511197229427286176959909724442290931960927787959529177012406783808510111447210777621124672527558552135309229033920935746810779639240647174878546502213473255781733089554225201790705444370772263986386096799257736476998876911968379170838772173783207731286431247776689781189828270896048837603677553331734215637503084528040473756462583603297531813334500266593014512047232712902228715633501347922352646197208418865795539509968963409394698842952973320494189385357127955939646954140714633492458834026742912026183709617019259097685659412675377046399203871742434364508601721190013975756407428521308161051726124513505033656647851523766147628809289910048549640506406290660893529563008807878583887220702620064390299466161539275934525408857432151093867344071550298160838648044528689303432773685924571208965613694617907709667382515860006915825810751818427820727846222058410242772085817618947535140610496140410880000000000000000000000000000000000000000000000000000000000000000000










